{"cameraMode":{"drawMode":0,"name":"Shaded","section":"Shading Mode"},"sceneLighting":true,"audioPlay":false,"sceneViewState":{"showFog":true,"showMaterialUpdate":false,"showSkybox":true,"showFlares":true,"showImageEffects":true,"showParticleSystems":true},"in2DMode":false,"pivot":{"x":619.130126953125,"y":549.074462890625,"z":-305.342529296875},"rotation":{"x":0.08066367357969284,"y":0.8918436169624329,"z":-0.17545269429683686,"w":0.4092913269996643},"size":1.2877329587936402,"orthographic":true}