{"cameraMode":{"drawMode":0,"name":"Shaded","section":"Shading Mode"},"sceneLighting":true,"audioPlay":false,"sceneViewState":{"showFog":true,"showMaterialUpdate":false,"showSkybox":true,"showFlares":true,"showImageEffects":true,"showParticleSystems":true},"in2DMode":false,"pivot":{"x":619.3792724609375,"y":549.4775390625,"z":-304.8149719238281},"rotation":{"x":0.18998770415782929,"y":-0.24122712016105653,"z":0.04833020642399788,"w":0.9504995942115784},"size":1.396059274673462,"orthographic":true}