{"cameraMode":{"drawMode":0,"name":"Shaded","section":"Shading Mode"},"sceneLighting":true,"audioPlay":false,"sceneViewState":{"showFog":true,"showMaterialUpdate":false,"showSkybox":true,"showFlares":true,"showImageEffects":true,"showParticleSystems":true},"in2DMode":false,"pivot":{"x":619.9000244140625,"y":548.399658203125,"z":-299.7699890136719},"rotation":{"x":-0.23076574504375459,"y":-0.75586998462677,"z":0.34370389580726626,"w":-0.5073112845420837},"size":1.365460753440857,"orthographic":true}