{"cameraMode":{"drawMode":0,"name":"Shaded","section":"Shading Mode"},"sceneLighting":true,"audioPlay":false,"sceneViewState":{"showFog":true,"showMaterialUpdate":false,"showSkybox":true,"showFlares":true,"showImageEffects":true,"showParticleSystems":true},"in2DMode":false,"pivot":{"x":619.8694458007813,"y":548.7279052734375,"z":-300.63714599609377},"rotation":{"x":0.0843842551112175,"y":0.6618139147758484,"z":-0.07526636868715286,"w":0.7411779165267944},"size":4.727407455444336,"orthographic":true}